flower_type,flower_name,colours,variant_name,blooming_season,import_non,cost_per_stem,cost_per_bunch,quantity,date
focal flowers,rose,light pink,sweet pink,all season,local,5000,100000,20,2026-01-01
focal flowers,rose,light pink,sweet pink,all season,local,5000,100000,20,2026-02-01
focal flowers,rose,light pink,sweet pink,all season,local,5000,100000,20,2026-03-01
focal flowers,rose,light pink,sweet pink,all season,local,5000,100000,20,2026-04-01
focal flowers,rose,light pink,sweet pink,all season,local,5000,100000,20,2026-05-01
focal flowers,rose,light pink,sweet pink,all season,local,5000,100000,20,2026-06-01
focal flowers,rose,light pink,sweet pink,all season,local,5000,100000,20,2026-07-01
focal flowers,rose,light pink,sweet pink,all season,local,5000,100000,20,2026-08-01
focal flowers,rose,light pink,sweet pink,all season,local,5000,100000,20,2026-09-01
focal flowers,rose,light pink,sweet pink,all season,local,5000,100000,20,2026-10-01
focal flowers,rose,light pink,sweet pink,all season,local,5000,100000,20,2026-11-01
focal flowers,rose,light pink,sweet pink,all season,local,5000,100000,20,2026-12-01
focal flowers,rose,red,sexy red,all season,local,6750,135000,20,2026-01-01
focal flowers,rose,red,sexy red,all season,local,6750,135000,20,2026-02-01
focal flowers,rose,red,sexy red,all season,local,6750,135000,20,2026-03-01
focal flowers,rose,red,sexy red,all season,local,6750,135000,20,2026-04-01
focal flowers,rose,red,sexy red,all season,local,6750,135000,20,2026-05-01
focal flowers,rose,red,sexy red,all season,local,6750,135000,20,2026-06-01
focal flowers,rose,red,sexy red,all season,local,6750,135000,20,2026-07-01
focal flowers,rose,red,sexy red,all season,local,6750,135000,20,2026-08-01
focal flowers,rose,red,sexy red,all season,local,6750,135000,20,2026-09-01
focal flowers,rose,red,sexy red,all season,local,6750,135000,20,2026-10-01
focal flowers,rose,red,sexy red,all season,local,6750,135000,20,2026-11-01
focal flowers,rose,red,sexy red,all season,local,6750,135000,20,2026-12-01
focal flowers,rose,white,avalan,all season,local,5000,100000,20,2026-01-01
focal flowers,rose,white,avalan,all season,local,5000,100000,20,2026-02-01
focal flowers,rose,white,avalan,all season,local,5000,100000,20,2026-03-01
focal flowers,rose,white,avalan,all season,local,5000,100000,20,2026-04-01
focal flowers,rose,white,avalan,all season,local,5000,100000,20,2026-05-01
focal flowers,rose,white,avalan,all season,local,5000,100000,20,2026-06-01
focal flowers,rose,white,avalan,all season,local,5000,100000,20,2026-07-01
focal flowers,rose,white,avalan,all season,local,5000,100000,20,2026-08-01
focal flowers,rose,white,avalan,all season,local,5000,100000,20,2026-09-01
focal flowers,rose,white,avalan,all season,local,5000,100000,20,2026-10-01
focal flowers,rose,white,avalan,all season,local,5000,100000,20,2026-11-01
focal flowers,rose,white,avalan,all season,local,5000,100000,20,2026-12-01
focal flowers,rose,yellow,mohana,all season,local,5000,100000,20,2026-01-01
focal flowers,rose,yellow,mohana,all season,local,5000,100000,20,2026-02-01
focal flowers,rose,yellow,mohana,all season,local,5000,100000,20,2026-03-01
focal flowers,rose,yellow,mohana,all season,local,5000,100000,20,2026-04-01
focal flowers,rose,yellow,mohana,all season,local,5000,100000,20,2026-05-01
focal flowers,rose,yellow,mohana,all season,local,5000,100000,20,2026-06-01
focal flowers,rose,yellow,mohana,all season,local,5000,100000,20,2026-07-01
focal flowers,rose,yellow,mohana,all season,local,5000,100000,20,2026-08-01
focal flowers,rose,yellow,mohana,all season,local,5000,100000,20,2026-09-01
focal flowers,rose,yellow,mohana,all season,local,5000,100000,20,2026-10-01
focal flowers,rose,yellow,mohana,all season,local,5000,100000,20,2026-11-01
focal flowers,rose,yellow,mohana,all season,local,5000,100000,20,2026-12-01
focal flowers,rose,purple,cool water,all season,local,5000,100000,20,2026-01-01
focal flowers,rose,purple,cool water,all season,local,5000,100000,20,2026-02-01
focal flowers,rose,purple,cool water,all season,local,5000,100000,20,2026-03-01
focal flowers,rose,purple,cool water,all season,local,5000,100000,20,2026-04-01
focal flowers,rose,purple,cool water,all season,local,5000,100000,20,2026-05-01
focal flowers,rose,purple,cool water,all season,local,5000,100000,20,2026-06-01
focal flowers,rose,purple,cool water,all season,local,5000,100000,20,2026-07-01
focal flowers,rose,purple,cool water,all season,local,5000,100000,20,2026-08-01
focal flowers,rose,purple,cool water,all season,local,5000,100000,20,2026-09-01
focal flowers,rose,purple,cool water,all season,local,5000,100000,20,2026-10-01
focal flowers,rose,purple,cool water,all season,local,5000,100000,20,2026-11-01
focal flowers,rose,purple,cool water,all season,local,5000,100000,20,2026-12-01
focal flowers,rose,orange,fudu,all season,local,5000,100000,20,2026-01-01
focal flowers,rose,orange,fudu,all season,local,5000,100000,20,2026-02-01
focal flowers,rose,orange,fudu,all season,local,5000,100000,20,2026-03-01
focal flowers,rose,orange,fudu,all season,local,5000,100000,20,2026-04-01
focal flowers,rose,orange,fudu,all season,local,5000,100000,20,2026-05-01
focal flowers,rose,orange,fudu,all season,local,5000,100000,20,2026-06-01
focal flowers,rose,orange,fudu,all season,local,5000,100000,20,2026-07-01
focal flowers,rose,orange,fudu,all season,local,5000,100000,20,2026-08-01
focal flowers,rose,orange,fudu,all season,local,5000,100000,20,2026-09-01
focal flowers,rose,orange,fudu,all season,local,5000,100000,20,2026-10-01
focal flowers,rose,orange,fudu,all season,local,5000,100000,20,2026-11-01
focal flowers,rose,orange,fudu,all season,local,5000,100000,20,2026-12-01
focal flowers,rose,hot pink,karina,all season,local,5000,100000,20,2026-01-01
focal flowers,rose,hot pink,karina,all season,local,5000,100000,20,2026-02-01
focal flowers,rose,hot pink,karina,all season,local,5000,100000,20,2026-03-01
focal flowers,rose,hot pink,karina,all season,local,5000,100000,20,2026-04-01
focal flowers,rose,hot pink,karina,all season,local,5000,100000,20,2026-05-01
focal flowers,rose,hot pink,karina,all season,local,5000,100000,20,2026-06-01
focal flowers,rose,hot pink,karina,all season,local,5000,100000,20,2026-07-01
focal flowers,rose,hot pink,karina,all season,local,5000,100000,20,2026-08-01
focal flowers,rose,hot pink,karina,all season,local,5000,100000,20,2026-09-01
focal flowers,rose,hot pink,karina,all season,local,5000,100000,20,2026-10-01
focal flowers,rose,hot pink,karina,all season,local,5000,100000,20,2026-11-01
focal flowers,rose,hot pink,karina,all season,local,5000,100000,20,2026-12-01
focal flowers,rose,peach,kahala,all season,ecuador,27000,540000,20,2026-01-01
focal flowers,rose,peach,kahala,all season,ecuador,27000,540000,20,2026-02-01
focal flowers,rose,peach,kahala,all season,ecuador,27000,540000,20,2026-03-01
focal flowers,rose,peach,kahala,all season,ecuador,27000,540000,20,2026-04-01
focal flowers,rose,peach,kahala,all season,ecuador,27000,540000,20,2026-05-01
focal flowers,rose,peach,kahala,all season,ecuador,27000,540000,20,2026-06-01
focal flowers,rose,peach,kahala,all season,ecuador,27000,540000,20,2026-07-01
focal flowers,rose,peach,kahala,all season,ecuador,27000,540000,20,2026-08-01
focal flowers,rose,peach,kahala,all season,ecuador,27000,540000,20,2026-09-01
focal flowers,rose,peach,kahala,all season,ecuador,27000,540000,20,2026-10-01
focal flowers,rose,peach,kahala,all season,ecuador,27000,540000,20,2026-11-01
focal flowers,rose,peach,kahala,all season,ecuador,27000,540000,20,2026-12-01
focal flowers,rose,cream,quick sand,all season,ecuador,21000,420000,20,2026-01-01
focal flowers,rose,cream,quick sand,all season,ecuador,21000,420000,20,2026-02-01
focal flowers,rose,cream,quick sand,all season,ecuador,21000,420000,20,2026-03-01
focal flowers,rose,cream,quick sand,all season,ecuador,21000,420000,20,2026-04-01
focal flowers,rose,cream,quick sand,all season,ecuador,21000,420000,20,2026-05-01
focal flowers,rose,cream,quick sand,all season,ecuador,21000,420000,20,2026-06-01
focal flowers,rose,cream,quick sand,all season,ecuador,21000,420000,20,2026-07-01
focal flowers,rose,cream,quick sand,all season,ecuador,21000,420000,20,2026-08-01
focal flowers,rose,cream,quick sand,all season,ecuador,21000,420000,20,2026-09-01
focal flowers,rose,cream,quick sand,all season,ecuador,21000,420000,20,2026-10-01
focal flowers,rose,cream,quick sand,all season,ecuador,21000,420000,20,2026-11-01
focal flowers,rose,cream,quick sand,all season,ecuador,21000,420000,20,2026-12-01
focal flowers,rose,light purple,ocean song,all season,ecuador,18000,360000,20,2026-01-01
focal flowers,rose,light purple,ocean song,all season,ecuador,18000,360000,20,2026-02-01
focal flowers,rose,light purple,ocean song,all season,ecuador,18000,360000,20,2026-03-01
focal flowers,rose,light purple,ocean song,all season,ecuador,18000,360000,20,2026-04-01
focal flowers,rose,light purple,ocean song,all season,ecuador,18000,360000,20,2026-05-01
focal flowers,rose,light purple,ocean song,all season,ecuador,18000,360000,20,2026-06-01
focal flowers,rose,light purple,ocean song,all season,ecuador,18000,360000,20,2026-07-01
focal flowers,rose,light purple,ocean song,all season,ecuador,18000,360000,20,2026-08-01
focal flowers,rose,light purple,ocean song,all season,ecuador,18000,360000,20,2026-09-01
focal flowers,rose,light purple,ocean song,all season,ecuador,18000,360000,20,2026-10-01
focal flowers,rose,light purple,ocean song,all season,ecuador,18000,360000,20,2026-11-01
focal flowers,rose,light purple,ocean song,all season,ecuador,18000,360000,20,2026-12-01
focal flowers,rose,dark red,naomi,all season,vietnam,12500,250000,20,2026-01-01
focal flowers,rose,dark red,naomi,all season,vietnam,12500,250000,20,2026-02-01
focal flowers,rose,dark red,naomi,all season,vietnam,12500,250000,20,2026-03-01
focal flowers,rose,dark red,naomi,all season,vietnam,12500,250000,20,2026-04-01
focal flowers,rose,dark red,naomi,all season,vietnam,12500,250000,20,2026-05-01
focal flowers,rose,dark red,naomi,all season,vietnam,12500,250000,20,2026-06-01
focal flowers,rose,dark red,naomi,all season,vietnam,12500,250000,20,2026-07-01
focal flowers,rose,dark red,naomi,all season,vietnam,12500,250000,20,2026-08-01
focal flowers,rose,dark red,naomi,all season,vietnam,12500,250000,20,2026-09-01
focal flowers,rose,dark red,naomi,all season,vietnam,12500,250000,20,2026-10-01
focal flowers,rose,dark red,naomi,all season,vietnam,12500,250000,20,2026-11-01
focal flowers,rose,dark red,naomi,all season,vietnam,12500,250000,20,2026-12-01
focal flowers,rose,white pink,jumilia,all season,vietnam,12500,250000,20,2026-01-01
focal flowers,rose,white pink,jumilia,all season,vietnam,12500,250000,20,2026-02-01
focal flowers,rose,white pink,jumilia,all season,vietnam,12500,250000,20,2026-03-01
focal flowers,rose,white pink,jumilia,all season,vietnam,12500,250000,20,2026-04-01
focal flowers,rose,white pink,jumilia,all season,vietnam,12500,250000,20,2026-05-01
focal flowers,rose,white pink,jumilia,all season,vietnam,12500,250000,20,2026-06-01
focal flowers,rose,white pink,jumilia,all season,vietnam,12500,250000,20,2026-07-01
focal flowers,rose,white pink,jumilia,all season,vietnam,12500,250000,20,2026-08-01
focal flowers,rose,white pink,jumilia,all season,vietnam,12500,250000,20,2026-09-01
focal flowers,rose,white pink,jumilia,all season,vietnam,12500,250000,20,2026-10-01
focal flowers,rose,white pink,jumilia,all season,vietnam,12500,250000,20,2026-11-01
focal flowers,rose,white pink,jumilia,all season,vietnam,12500,250000,20,2026-12-01
focal flowers,rose,light pink,baby love,all season,vietnam,12500,250000,20,2026-01-01
focal flowers,rose,light pink,baby love,all season,vietnam,12500,250000,20,2026-02-01
focal flowers,rose,light pink,baby love,all season,vietnam,12500,250000,20,2026-03-01
focal flowers,rose,light pink,baby love,all season,vietnam,12500,250000,20,2026-04-01
focal flowers,rose,light pink,baby love,all season,vietnam,12500,250000,20,2026-05-01
focal flowers,rose,light pink,baby love,all season,vietnam,12500,250000,20,2026-06-01
focal flowers,rose,light pink,baby love,all season,vietnam,12500,250000,20,2026-07-01
focal flowers,rose,light pink,baby love,all season,vietnam,12500,250000,20,2026-08-01
focal flowers,rose,light pink,baby love,all season,vietnam,12500,250000,20,2026-09-01
focal flowers,rose,light pink,baby love,all season,vietnam,12500,250000,20,2026-10-01
focal flowers,rose,light pink,baby love,all season,vietnam,12500,250000,20,2026-11-01
focal flowers,rose,light pink,baby love,all season,vietnam,12500,250000,20,2026-12-01
secondary focal flowers,lysianthus,pink,pink,all season,vietnam,18000,180000,10,2026-01-01
secondary focal flowers,lysianthus,pink,pink,all season,vietnam,18000,180000,10,2026-02-01
secondary focal flowers,lysianthus,pink,pink,all season,vietnam,18000,180000,10,2026-03-01
secondary focal flowers,lysianthus,pink,pink,all season,vietnam,18000,180000,10,2026-04-01
secondary focal flowers,lysianthus,pink,pink,all season,vietnam,18000,180000,10,2026-05-01
secondary focal flowers,lysianthus,pink,pink,all season,vietnam,18000,180000,10,2026-06-01
secondary focal flowers,lysianthus,pink,pink,all season,vietnam,18000,180000,10,2026-07-01
secondary focal flowers,lysianthus,pink,pink,all season,vietnam,18000,180000,10,2026-08-01
secondary focal flowers,lysianthus,pink,pink,all season,vietnam,18000,180000,10,2026-09-01
secondary focal flowers,lysianthus,pink,pink,all season,vietnam,18000,180000,10,2026-10-01
secondary focal flowers,lysianthus,pink,pink,all season,vietnam,18000,180000,10,2026-11-01
secondary focal flowers,lysianthus,pink,pink,all season,vietnam,18000,180000,10,2026-12-01
secondary focal flowers,lysianthus,green,green,all season,vietnam,18000,180000,10,2026-01-01
secondary focal flowers,lysianthus,green,green,all season,vietnam,18000,180000,10,2026-02-01
secondary focal flowers,lysianthus,green,green,all season,vietnam,18000,180000,10,2026-03-01
secondary focal flowers,lysianthus,green,green,all season,vietnam,18000,180000,10,2026-04-01
secondary focal flowers,lysianthus,green,green,all season,vietnam,18000,180000,10,2026-05-01
secondary focal flowers,lysianthus,green,green,all season,vietnam,18000,180000,10,2026-06-01
secondary focal flowers,lysianthus,green,green,all season,vietnam,18000,180000,10,2026-07-01
secondary focal flowers,lysianthus,green,green,all season,vietnam,18000,180000,10,2026-08-01
secondary focal flowers,lysianthus,green,green,all season,vietnam,18000,180000,10,2026-09-01
secondary focal flowers,lysianthus,green,green,all season,vietnam,18000,180000,10,2026-10-01
secondary focal flowers,lysianthus,green,green,all season,vietnam,18000,180000,10,2026-11-01
secondary focal flowers,lysianthus,green,green,all season,vietnam,18000,180000,10,2026-12-01
secondary focal flowers,lysianthus,pink rim,pink rim,all season,vietnam,18000,180000,10,2026-01-01
secondary focal flowers,lysianthus,pink rim,pink rim,all season,vietnam,18000,180000,10,2026-02-01
secondary focal flowers,lysianthus,pink rim,pink rim,all season,vietnam,18000,180000,10,2026-03-01
secondary focal flowers,lysianthus,pink rim,pink rim,all season,vietnam,18000,180000,10,2026-04-01
secondary focal flowers,lysianthus,pink rim,pink rim,all season,vietnam,18000,180000,10,2026-05-01
secondary focal flowers,lysianthus,pink rim,pink rim,all season,vietnam,18000,180000,10,2026-06-01
secondary focal flowers,lysianthus,pink rim,pink rim,all season,vietnam,18000,180000,10,2026-07-01
secondary focal flowers,lysianthus,pink rim,pink rim,all season,vietnam,18000,180000,10,2026-08-01
secondary focal flowers,lysianthus,pink rim,pink rim,all season,vietnam,18000,180000,10,2026-09-01
secondary focal flowers,lysianthus,pink rim,pink rim,all season,vietnam,18000,180000,10,2026-10-01
secondary focal flowers,lysianthus,pink rim,pink rim,all season,vietnam,18000,180000,10,2026-11-01
secondary focal flowers,lysianthus,pink rim,pink rim,all season,vietnam,18000,180000,10,2026-12-01
secondary focal flowers,lysianthus,purple,purple,all season,vietnam,18000,180000,10,2026-01-01
secondary focal flowers,lysianthus,purple,purple,all season,vietnam,18000,180000,10,2026-02-01
secondary focal flowers,lysianthus,purple,purple,all season,vietnam,18000,180000,10,2026-03-01
secondary focal flowers,lysianthus,purple,purple,all season,vietnam,18000,180000,10,2026-04-01
secondary focal flowers,lysianthus,purple,purple,all season,vietnam,18000,180000,10,2026-05-01
secondary focal flowers,lysianthus,purple,purple,all season,vietnam,18000,180000,10,2026-06-01
secondary focal flowers,lysianthus,purple,purple,all season,vietnam,18000,180000,10,2026-07-01
secondary focal flowers,lysianthus,purple,purple,all season,vietnam,18000,180000,10,2026-08-01
secondary focal flowers,lysianthus,purple,purple,all season,vietnam,18000,180000,10,2026-09-01
secondary focal flowers,lysianthus,purple,purple,all season,vietnam,18000,180000,10,2026-10-01
secondary focal flowers,lysianthus,purple,purple,all season,vietnam,18000,180000,10,2026-11-01
secondary focal flowers,lysianthus,purple,purple,all season,vietnam,18000,180000,10,2026-12-01
secondary focal flowers,lysianthus,purple rim,purple rim,all season,vietnam,18000,180000,10,2026-01-01
secondary focal flowers,lysianthus,purple rim,purple rim,all season,vietnam,18000,180000,10,2026-02-01
secondary focal flowers,lysianthus,purple rim,purple rim,all season,vietnam,18000,180000,10,2026-03-01
secondary focal flowers,lysianthus,purple rim,purple rim,all season,vietnam,18000,180000,10,2026-04-01
secondary focal flowers,lysianthus,purple rim,purple rim,all season,vietnam,18000,180000,10,2026-05-01
secondary focal flowers,lysianthus,purple rim,purple rim,all season,vietnam,18000,180000,10,2026-06-01
secondary focal flowers,lysianthus,purple rim,purple rim,all season,vietnam,18000,180000,10,2026-07-01
secondary focal flowers,lysianthus,purple rim,purple rim,all season,vietnam,18000,180000,10,2026-08-01
secondary focal flowers,lysianthus,purple rim,purple rim,all season,vietnam,18000,180000,10,2026-09-01
secondary focal flowers,lysianthus,purple rim,purple rim,all season,vietnam,18000,180000,10,2026-10-01
secondary focal flowers,lysianthus,purple rim,purple rim,all season,vietnam,18000,180000,10,2026-11-01
secondary focal flowers,lysianthus,purple rim,purple rim,all season,vietnam,18000,180000,10,2026-12-01
secondary focal flowers,lysianthus,white,white,all season,vietnam,18000,180000,10,2026-01-01
secondary focal flowers,lysianthus,white,white,all season,vietnam,18000,180000,10,2026-02-01
secondary focal flowers,lysianthus,white,white,all season,vietnam,18000,180000,10,2026-03-01
secondary focal flowers,lysianthus,white,white,all season,vietnam,18000,180000,10,2026-04-01
secondary focal flowers,lysianthus,white,white,all season,vietnam,18000,180000,10,2026-05-01
secondary focal flowers,lysianthus,white,white,all season,vietnam,18000,180000,10,2026-06-01
secondary focal flowers,lysianthus,white,white,all season,vietnam,18000,180000,10,2026-07-01
secondary focal flowers,lysianthus,white,white,all season,vietnam,18000,180000,10,2026-08-01
secondary focal flowers,lysianthus,white,white,all season,vietnam,18000,180000,10,2026-09-01
secondary focal flowers,lysianthus,white,white,all season,vietnam,18000,180000,10,2026-10-01
secondary focal flowers,lysianthus,white,white,all season,vietnam,18000,180000,10,2026-11-01
secondary focal flowers,lysianthus,white,white,all season,vietnam,18000,180000,10,2026-12-01
secondary focal flowers,lysianthus,yellow,yellow,all season,vietnam,18000,180000,10,2026-01-01
secondary focal flowers,lysianthus,yellow,yellow,all season,vietnam,18000,180000,10,2026-02-01
secondary focal flowers,lysianthus,yellow,yellow,all season,vietnam,18000,180000,10,2026-03-01
secondary focal flowers,lysianthus,yellow,yellow,all season,vietnam,18000,180000,10,2026-04-01
secondary focal flowers,lysianthus,yellow,yellow,all season,vietnam,18000,180000,10,2026-05-01
secondary focal flowers,lysianthus,yellow,yellow,all season,vietnam,18000,180000,10,2026-06-01
secondary focal flowers,lysianthus,yellow,yellow,all season,vietnam,18000,180000,10,2026-07-01
secondary focal flowers,lysianthus,yellow,yellow,all season,vietnam,18000,180000,10,2026-08-01
secondary focal flowers,lysianthus,yellow,yellow,all season,vietnam,18000,180000,10,2026-09-01
secondary focal flowers,lysianthus,yellow,yellow,all season,vietnam,18000,180000,10,2026-10-01
secondary focal flowers,lysianthus,yellow,yellow,all season,vietnam,18000,180000,10,2026-11-01
secondary focal flowers,lysianthus,yellow,yellow,all season,vietnam,18000,180000,10,2026-12-01
secondary focal flowers,lysianthus,champagne,champagne,all season,china,22500,225000,10,2026-01-01
secondary focal flowers,lysianthus,champagne,champagne,all season,china,22500,225000,10,2026-02-01
secondary focal flowers,lysianthus,champagne,champagne,all season,china,22500,225000,10,2026-03-01
secondary focal flowers,lysianthus,champagne,champagne,all season,china,22500,225000,10,2026-04-01
secondary focal flowers,lysianthus,champagne,champagne,all season,china,22500,225000,10,2026-05-01
secondary focal flowers,lysianthus,champagne,champagne,all season,china,22500,225000,10,2026-06-01
secondary focal flowers,lysianthus,champagne,champagne,all season,china,22500,225000,10,2026-07-01
secondary focal flowers,lysianthus,champagne,champagne,all season,china,22500,225000,10,2026-08-01
secondary focal flowers,lysianthus,champagne,champagne,all season,china,22500,225000,10,2026-09-01
secondary focal flowers,lysianthus,champagne,champagne,all season,china,22500,225000,10,2026-10-01
secondary focal flowers,lysianthus,champagne,champagne,all season,china,22500,225000,10,2026-11-01
secondary focal flowers,lysianthus,champagne,champagne,all season,china,22500,225000,10,2026-12-01
secondary focal flowers,lysianthus,tea color,maroon,all season,china,22500,225000,10,2026-01-01
secondary focal flowers,lysianthus,tea color,maroon,all season,china,22500,225000,10,2026-02-01
secondary focal flowers,lysianthus,tea color,maroon,all season,china,22500,225000,10,2026-03-01
secondary focal flowers,lysianthus,tea color,maroon,all season,china,22500,225000,10,2026-04-01
secondary focal flowers,lysianthus,tea color,maroon,all season,china,22500,225000,10,2026-05-01
secondary focal flowers,lysianthus,tea color,maroon,all season,china,22500,225000,10,2026-06-01
secondary focal flowers,lysianthus,tea color,maroon,all season,china,22500,225000,10,2026-07-01
secondary focal flowers,lysianthus,tea color,maroon,all season,china,22500,225000,10,2026-08-01
secondary focal flowers,lysianthus,tea color,maroon,all season,china,22500,225000,10,2026-09-01
secondary focal flowers,lysianthus,tea color,maroon,all season,china,22500,225000,10,2026-10-01
secondary focal flowers,lysianthus,tea color,maroon,all season,china,22500,225000,10,2026-11-01
secondary focal flowers,lysianthus,tea color,maroon,all season,china,22500,225000,10,2026-12-01
secondary focal flowers,lysianthus,red,red,all season,china,22500,225000,10,2026-01-01
secondary focal flowers,lysianthus,red,red,all season,china,22500,225000,10,2026-02-01
secondary focal flowers,lysianthus,red,red,all season,china,22500,225000,10,2026-03-01
secondary focal flowers,lysianthus,red,red,all season,china,22500,225000,10,2026-04-01
secondary focal flowers,lysianthus,red,red,all season,china,22500,225000,10,2026-05-01
secondary focal flowers,lysianthus,red,red,all season,china,22500,225000,10,2026-06-01
secondary focal flowers,lysianthus,red,red,all season,china,22500,225000,10,2026-07-01
secondary focal flowers,lysianthus,red,red,all season,china,22500,225000,10,2026-08-01
secondary focal flowers,lysianthus,red,red,all season,china,22500,225000,10,2026-09-01
secondary focal flowers,lysianthus,red,red,all season,china,22500,225000,10,2026-10-01
secondary focal flowers,lysianthus,red,red,all season,china,22500,225000,10,2026-11-01
secondary focal flowers,lysianthus,red,red,all season,china,22500,225000,10,2026-12-01
secondary focal flowers,lysianthus,white,white,all season,china,22500,225000,10,2026-01-01
secondary focal flowers,lysianthus,white,white,all season,china,22500,225000,10,2026-02-01
secondary focal flowers,lysianthus,white,white,all season,china,22500,225000,10,2026-03-01
secondary focal flowers,lysianthus,white,white,all season,china,22500,225000,10,2026-04-01
secondary focal flowers,lysianthus,white,white,all season,china,22500,225000,10,2026-05-01
secondary focal flowers,lysianthus,white,white,all season,china,22500,225000,10,2026-06-01
secondary focal flowers,lysianthus,white,white,all season,china,22500,225000,10,2026-07-01
secondary focal flowers,lysianthus,white,white,all season,china,22500,225000,10,2026-08-01
secondary focal flowers,lysianthus,white,white,all season,china,22500,225000,10,2026-09-01
secondary focal flowers,lysianthus,white,white,all season,china,22500,225000,10,2026-10-01
secondary focal flowers,lysianthus,white,white,all season,china,22500,225000,10,2026-11-01
secondary focal flowers,lysianthus,white,white,all season,china,22500,225000,10,2026-12-01
fillers,babys breath (gysophilla),white,white,all season,ecuador,18000,180000,10,2026-01-01
fillers,babys breath (gysophilla),white,white,all season,ecuador,18000,180000,10,2026-02-01
fillers,babys breath (gysophilla),white,white,all season,ecuador,18000,180000,10,2026-03-01
fillers,babys breath (gysophilla),white,white,all season,ecuador,18000,180000,10,2026-04-01
fillers,babys breath (gysophilla),white,white,all season,ecuador,18000,180000,10,2026-05-01
fillers,babys breath (gysophilla),white,white,all season,ecuador,18000,180000,10,2026-06-01
fillers,babys breath (gysophilla),white,white,all season,ecuador,18000,180000,10,2026-07-01
fillers,babys breath (gysophilla),white,white,all season,ecuador,18000,180000,10,2026-08-01
fillers,babys breath (gysophilla),white,white,all season,ecuador,18000,180000,10,2026-09-01
fillers,babys breath (gysophilla),white,white,all season,ecuador,18000,180000,10,2026-10-01
fillers,babys breath (gysophilla),white,white,all season,ecuador,18000,180000,10,2026-11-01
fillers,babys breath (gysophilla),white,white,all season,ecuador,18000,180000,10,2026-12-01
line flowers,delphinium,light blue,chiffon blue,May,local,50000,250000,5,2026-05-01
line flowers,delphinium,light blue,chiffon blue,June,local,50000,250000,5,2026-06-01
line flowers,delphinium,light blue,chiffon blue,July,local,50000,250000,5,2026-07-01
fillers,hydrangea,light blue,light blue,June,local,0,50000,1,2026-06-01
fillers,hydrangea,light blue,light blue,June,local,0,50000,1,2026-06-01
fillers,hydrangea,light blue,light blue,July,local,0,50000,1,2026-07-01
fillers,hydrangea,light blue,light blue,July,local,0,50000,1,2026-07-01
fillers,hydrangea,light blue,light blue,October,local,0,50000,1,2026-10-01
fillers,hydrangea,light blue,light blue,October,local,0,50000,1,2026-10-01
fillers,hydrangea,green,green,June,local,0,40000,1,2026-06-01
fillers,hydrangea,green,green,June,local,0,40000,1,2026-06-01
fillers,hydrangea,green,green,July,local,0,40000,1,2026-07-01
fillers,hydrangea,green,green,July,local,0,40000,1,2026-07-01
fillers,hydrangea,green,green,October,local,0,40000,1,2026-10-01
fillers,hydrangea,green,green,October,local,0,40000,1,2026-10-01
fillers,hydrangea,light pink,charm,June,vietnam,0,65000,1,2026-06-01
fillers,hydrangea,light pink,charm,July,vietnam,0,65000,1,2026-07-01
fillers,hydrangea,light pink,charm,October,vietnam,0,65000,1,2026-10-01
fillers,hydrangea,white,white,June,vietnam,0,65000,1,2026-06-01
fillers,hydrangea,white,white,July,vietnam,0,65000,1,2026-07-01
fillers,hydrangea,white,white,October,vietnam,0,65000,1,2026-10-01
fillers,hydrangea,red,trophy,June,vietnam,0,65000,1,2026-06-01
fillers,hydrangea,red,trophy,July,vietnam,0,65000,1,2026-07-01
fillers,hydrangea,red,trophy,October,vietnam,0,65000,1,2026-10-01
fillers,chamomile,white,white,all season,local,0,150000,1,2026-01-01
fillers,chamomile,white,white,all season,local,0,150000,1,2026-02-01
fillers,chamomile,white,white,all season,local,0,150000,1,2026-03-01
fillers,chamomile,white,white,all season,local,0,150000,1,2026-04-01
fillers,chamomile,white,white,all season,local,0,150000,1,2026-05-01
fillers,chamomile,white,white,all season,local,0,150000,1,2026-06-01
fillers,chamomile,white,white,all season,local,0,150000,1,2026-07-01
fillers,chamomile,white,white,all season,local,0,150000,1,2026-08-01
fillers,chamomile,white,white,all season,local,0,150000,1,2026-09-01
fillers,chamomile,white,white,all season,local,0,150000,1,2026-10-01
fillers,chamomile,white,white,all season,local,0,150000,1,2026-11-01
fillers,chamomile,white,white,all season,local,0,150000,1,2026-12-01
secondary focal flowers,carnations,pink,pink,all season,local,4500,45000,1,2026-01-01
secondary focal flowers,carnations,pink,pink,all season,local,4500,45000,1,2026-02-01
secondary focal flowers,carnations,pink,pink,all season,local,4500,45000,1,2026-03-01
secondary focal flowers,carnations,pink,pink,all season,local,4500,45000,1,2026-04-01
secondary focal flowers,carnations,pink,pink,all season,local,4500,45000,1,2026-05-01
secondary focal flowers,carnations,pink,pink,all season,local,4500,45000,1,2026-06-01
secondary focal flowers,carnations,pink,pink,all season,local,4500,45000,1,2026-07-01
secondary focal flowers,carnations,pink,pink,all season,local,4500,45000,1,2026-08-01
secondary focal flowers,carnations,pink,pink,all season,local,4500,45000,1,2026-09-01
secondary focal flowers,carnations,pink,pink,all season,local,4500,45000,1,2026-10-01
secondary focal flowers,carnations,pink,pink,all season,local,4500,45000,1,2026-11-01
secondary focal flowers,carnations,pink,pink,all season,local,4500,45000,1,2026-12-01
secondary focal flowers,carnations,red,red,all season,local,4500,45000,1,2026-01-01
secondary focal flowers,carnations,red,red,all season,local,4500,45000,1,2026-02-01
secondary focal flowers,carnations,red,red,all season,local,4500,45000,1,2026-03-01
secondary focal flowers,carnations,red,red,all season,local,4500,45000,1,2026-04-01
secondary focal flowers,carnations,red,red,all season,local,4500,45000,1,2026-05-01
secondary focal flowers,carnations,red,red,all season,local,4500,45000,1,2026-06-01
secondary focal flowers,carnations,red,red,all season,local,4500,45000,1,2026-07-01
secondary focal flowers,carnations,red,red,all season,local,4500,45000,1,2026-08-01
secondary focal flowers,carnations,red,red,all season,local,4500,45000,1,2026-09-01
secondary focal flowers,carnations,red,red,all season,local,4500,45000,1,2026-10-01
secondary focal flowers,carnations,red,red,all season,local,4500,45000,1,2026-11-01
secondary focal flowers,carnations,red,red,all season,local,4500,45000,1,2026-12-01
secondary focal flowers,carnations,white,white,all season,local,4500,45000,1,2026-01-01
secondary focal flowers,carnations,white,white,all season,local,4500,45000,1,2026-02-01
secondary focal flowers,carnations,white,white,all season,local,4500,45000,1,2026-03-01
secondary focal flowers,carnations,white,white,all season,local,4500,45000,1,2026-04-01
secondary focal flowers,carnations,white,white,all season,local,4500,45000,1,2026-05-01
secondary focal flowers,carnations,white,white,all season,local,4500,45000,1,2026-06-01
secondary focal flowers,carnations,white,white,all season,local,4500,45000,1,2026-07-01
secondary focal flowers,carnations,white,white,all season,local,4500,45000,1,2026-08-01
secondary focal flowers,carnations,white,white,all season,local,4500,45000,1,2026-09-01
secondary focal flowers,carnations,white,white,all season,local,4500,45000,1,2026-10-01
secondary focal flowers,carnations,white,white,all season,local,4500,45000,1,2026-11-01
secondary focal flowers,carnations,white,white,all season,local,4500,45000,1,2026-12-01
secondary focal flowers,carnations,peach,peach,all season,local,4500,45000,1,2026-01-01
secondary focal flowers,carnations,peach,peach,all season,local,4500,45000,1,2026-02-01
secondary focal flowers,carnations,peach,peach,all season,local,4500,45000,1,2026-03-01
secondary focal flowers,carnations,peach,peach,all season,local,4500,45000,1,2026-04-01
secondary focal flowers,carnations,peach,peach,all season,local,4500,45000,1,2026-05-01
secondary focal flowers,carnations,peach,peach,all season,local,4500,45000,1,2026-06-01
secondary focal flowers,carnations,peach,peach,all season,local,4500,45000,1,2026-07-01
secondary focal flowers,carnations,peach,peach,all season,local,4500,45000,1,2026-08-01
secondary focal flowers,carnations,peach,peach,all season,local,4500,45000,1,2026-09-01
secondary focal flowers,carnations,peach,peach,all season,local,4500,45000,1,2026-10-01
secondary focal flowers,carnations,peach,peach,all season,local,4500,45000,1,2026-11-01
secondary focal flowers,carnations,peach,peach,all season,local,4500,45000,1,2026-12-01
fillers,carnations spray,pink,pink,all season,local,4500,45000,1,2026-01-01
fillers,carnations spray,pink,pink,all season,local,4500,45000,1,2026-02-01
fillers,carnations spray,pink,pink,all season,local,4500,45000,1,2026-03-01
fillers,carnations spray,pink,pink,all season,local,4500,45000,1,2026-04-01
fillers,carnations spray,pink,pink,all season,local,4500,45000,1,2026-05-01
fillers,carnations spray,pink,pink,all season,local,4500,45000,1,2026-06-01
fillers,carnations spray,pink,pink,all season,local,4500,45000,1,2026-07-01
fillers,carnations spray,pink,pink,all season,local,4500,45000,1,2026-08-01
fillers,carnations spray,pink,pink,all season,local,4500,45000,1,2026-09-01
fillers,carnations spray,pink,pink,all season,local,4500,45000,1,2026-10-01
fillers,carnations spray,pink,pink,all season,local,4500,45000,1,2026-11-01
fillers,carnations spray,pink,pink,all season,local,4500,45000,1,2026-12-01
fillers,carnations spray,red,red,all season,local,4500,45000,1,2026-01-01
fillers,carnations spray,red,red,all season,local,4500,45000,1,2026-02-01
fillers,carnations spray,red,red,all season,local,4500,45000,1,2026-03-01
fillers,carnations spray,red,red,all season,local,4500,45000,1,2026-04-01
fillers,carnations spray,red,red,all season,local,4500,45000,1,2026-05-01
fillers,carnations spray,red,red,all season,local,4500,45000,1,2026-06-01
fillers,carnations spray,red,red,all season,local,4500,45000,1,2026-07-01
fillers,carnations spray,red,red,all season,local,4500,45000,1,2026-08-01
fillers,carnations spray,red,red,all season,local,4500,45000,1,2026-09-01
fillers,carnations spray,red,red,all season,local,4500,45000,1,2026-10-01
fillers,carnations spray,red,red,all season,local,4500,45000,1,2026-11-01
fillers,carnations spray,red,red,all season,local,4500,45000,1,2026-12-01
fillers,carnations spray,white,white,all season,local,4500,45000,1,2026-01-01
fillers,carnations spray,white,white,all season,local,4500,45000,1,2026-02-01
fillers,carnations spray,white,white,all season,local,4500,45000,1,2026-03-01
fillers,carnations spray,white,white,all season,local,4500,45000,1,2026-04-01
fillers,carnations spray,white,white,all season,local,4500,45000,1,2026-05-01
fillers,carnations spray,white,white,all season,local,4500,45000,1,2026-06-01
fillers,carnations spray,white,white,all season,local,4500,45000,1,2026-07-01
fillers,carnations spray,white,white,all season,local,4500,45000,1,2026-08-01
fillers,carnations spray,white,white,all season,local,4500,45000,1,2026-09-01
fillers,carnations spray,white,white,all season,local,4500,45000,1,2026-10-01
fillers,carnations spray,white,white,all season,local,4500,45000,1,2026-11-01
fillers,carnations spray,white,white,all season,local,4500,45000,1,2026-12-01
fillers,carnations spray,orange,orange,all season,local,4500,45000,1,2026-01-01
fillers,carnations spray,orange,orange,all season,local,4500,45000,1,2026-02-01
fillers,carnations spray,orange,orange,all season,local,4500,45000,1,2026-03-01
fillers,carnations spray,orange,orange,all season,local,4500,45000,1,2026-04-01
fillers,carnations spray,orange,orange,all season,local,4500,45000,1,2026-05-01
fillers,carnations spray,orange,orange,all season,local,4500,45000,1,2026-06-01
fillers,carnations spray,orange,orange,all season,local,4500,45000,1,2026-07-01
fillers,carnations spray,orange,orange,all season,local,4500,45000,1,2026-08-01
fillers,carnations spray,orange,orange,all season,local,4500,45000,1,2026-09-01
fillers,carnations spray,orange,orange,all season,local,4500,45000,1,2026-10-01
fillers,carnations spray,orange,orange,all season,local,4500,45000,1,2026-11-01
fillers,carnations spray,orange,orange,all season,local,4500,45000,1,2026-12-01
line flowers,calla lily,duban,purple,May,vietnam,50000,250000,5,2026-05-01
line flowers,calla lily,duban,purple,June,vietnam,50000,250000,5,2026-06-01
line flowers,calla lily,duban,purple,July,vietnam,50000,250000,5,2026-07-01
line flowers,calla lily,duban,purple,August,vietnam,50000,250000,5,2026-08-01
line flowers,calla lily,dark pink,fantasia,May,vietnam,50000,250000,5,2026-05-01
line flowers,calla lily,dark pink,fantasia,June,vietnam,50000,250000,5,2026-06-01
line flowers,calla lily,dark pink,fantasia,July,vietnam,50000,250000,5,2026-07-01
line flowers,calla lily,dark pink,fantasia,August,vietnam,50000,250000,5,2026-08-01
line flowers,tulips,yellow,strong gold,April,holland,23000,230000,10,2026-04-01
line flowers,tulips,yellow,strong gold,May,holland,23000,230000,10,2026-05-01
secondary focal flowers,tulips,yellow,strong gold,April,holland,23000,230000,10,2026-04-01
secondary focal flowers,tulips,yellow,strong gold,May,holland,23000,230000,10,2026-05-01
line flowers,tulips,purple,purple prince,April,holland,23000,230000,10,2026-04-01
line flowers,tulips,purple,purple prince,May,holland,22000,220000,10,2026-05-01
secondary focal flowers,tulips,purple,purple prince,April,holland,22000,220000,10,2026-04-01
secondary focal flowers,tulips,purple,purple prince,May,holland,22000,220000,10,2026-05-01
line flowers,tulips,light pink,dynasty,April,holland,25000,250000,10,2026-04-01
line flowers,tulips,light pink,dynasty,May,holland,25000,250000,10,2026-05-01
secondary focal flowers,tulips,light pink,dynasty,April,holland,25000,250000,10,2026-04-01
secondary focal flowers,tulips,light pink,dynasty,May,holland,25000,250000,10,2026-05-01
focal flowers,chrysant peony,blue,painted blue,April,vietnam,25000,125000,5,2026-04-01
focal flowers,chrysant peony,dark pink,painted dark pink,May,vietnam,25000,125000,5,2026-05-01
focal flowers,chrysant peony,light blue,painted light blue,June,vietnam,25000,125000,5,2026-06-01
focal flowers,chrysant peony,mauve,painted mauve,July,vietnam,25000,125000,5,2026-07-01
focal flowers,chrysant peony,orange,painted orange,August,vietnam,25000,125000,5,2026-08-01
focal flowers,chrysant peony,pastel pink,painted pastel pink,September,vietnam,25000,125000,5,2026-09-01
focal flowers,chrysant peony,pastel purple,painted pastel purple,October,vietnam,25000,125000,5,2026-10-01
focal flowers,peony,coral,coral sunset,April,new_zealand,70000,350000,5,2026-04-01
focal flowers,peony,red,red charm,April,new_zealand,70000,350000,5,2026-04-01
focal flowers,peony,coral,coral sunset,May,new_zealand,70000,350000,5,2026-05-01
focal flowers,peony,red,red charm,May,new_zealand,70000,350000,5,2026-05-01
focal flowers,peony,coral,coral sunset,June,new_zealand,70000,350000,5,2026-06-01
focal flowers,peony,red,red charm,June,new_zealand,70000,350000,5,2026-06-01
focal flowers,sunflower,yellow,yellow,all season,local,9000,45000,5,2026-01-01
focal flowers,sunflower,yellow,yellow,all season,local,9000,45000,5,2026-02-01
focal flowers,sunflower,yellow,yellow,all season,local,9000,45000,5,2026-03-01
focal flowers,sunflower,yellow,yellow,all season,local,9000,45000,5,2026-04-01
focal flowers,sunflower,yellow,yellow,all season,local,9000,45000,5,2026-05-01
focal flowers,sunflower,yellow,yellow,all season,local,9000,45000,5,2026-06-01
focal flowers,sunflower,yellow,yellow,all season,local,9000,45000,5,2026-07-01
focal flowers,sunflower,yellow,yellow,all season,local,9000,45000,5,2026-08-01
focal flowers,sunflower,yellow,yellow,all season,local,9000,45000,5,2026-09-01
focal flowers,sunflower,yellow,yellow,all season,local,9000,45000,5,2026-10-01
focal flowers,sunflower,yellow,yellow,all season,local,9000,45000,5,2026-11-01
focal flowers,sunflower,yellow,yellow,all season,local,9000,45000,5,2026-12-01
fillers,queen anne's lace,green,green,all season,local,8000,40000,5,2026-01-01
fillers,queen anne's lace,green,green,all season,local,8000,40000,5,2026-02-01
fillers,queen anne's lace,green,green,all season,local,8000,40000,5,2026-03-01
fillers,queen anne's lace,green,green,all season,local,8000,40000,5,2026-04-01
fillers,queen anne's lace,green,green,all season,local,8000,40000,5,2026-05-01
fillers,queen anne's lace,green,green,all season,local,8000,40000,5,2026-06-01
fillers,queen anne's lace,green,green,all season,local,8000,40000,5,2026-07-01
fillers,queen anne's lace,green,green,all season,local,8000,40000,5,2026-08-01
fillers,queen anne's lace,green,green,all season,local,8000,40000,5,2026-09-01
fillers,queen anne's lace,green,green,all season,local,8000,40000,5,2026-10-01
fillers,queen anne's lace,green,green,all season,local,8000,40000,5,2026-11-01
fillers,queen anne's lace,green,green,all season,local,8000,40000,5,2026-12-01
line flowers,oncidium orchid,yellow,yellow oncidium orchid,October,vietnam,30000,150000,5,2026-10-01
line flowers,oncidium orchid,yellow,yellow oncidium orchid,November,vietnam,30000,150000,5,2026-11-01
line flowers,oncidium orchid,yellow,yellow oncidium orchid,December,vietnam,30000,150000,5,2026-12-01
line flowers,oncidium orchid,yellow,yellow oncidium orchid,January,vietnam,30000,150000,5,2026-01-01
line flowers,oncidium orchid,yellow,yellow oncidium orchid,February,vietnam,30000,150000,5,2026-02-01
